the	185807
and	151992
of	99514
to	93329
a	89708
i	72305
in	60420
it	59912
that	53425
was	42030
he	40817
you	37559
is	35723
for	31668
with	29844
his	29192
but	27668
not	26768
s	24540
my	23970
as	23064
this	21100
be	20490
have	19163
we	18801
me	18683
had	18443
him	18408
all	18130
on	17910
they	17902
by	17336
so	17153
at	16945
her	14786
there	14268
no	14182
one	14036
t	13975
she	13106
from	12596
or	12473
will	12458
would	12319
what	12290
are	12242
if	11994
your	11827
were	11646
d	11142
out	11109
when	11073
do	10796
then	10699
an	10686
them	10588
which	10509
up	10009
now	9652
said	8849
their	8763
time	7732
good	7715
could	7616
our	7613
man	7483
more	7260
well	7116
about	7067
been	6933
see	6540
like	6515
thou	6493
can	6441
any	6378
know	6375
did	6350
who	6183
come	6168
upon	6120
some	6091
here	5948
how	5875
shall	5794
down	5773
go	5748
other	5624
has	5590
us	5577
these	5499
than	5414
two	5330
day	5211
say	5088
never	5088
king	5055
am	5028
into	5007
made	4946
such	4894
make	4864
let	4821
thy	4771
o	4646
way	4596
its	4595
only	4588
little	4547
very	4502
before	4501
old	4459
ll	4332
where	4321
got	4318
great	4316
sir	4124
get	4113
again	4097
over	4093
first	4091
may	4084
too	4072
must	4035
think	4035
